grid_id,g_lat,g_lon,g_temp_median,g_temp_p25,g_temp_p75,g_rf_median,g_rf_p25,g_rf_p75,g_soil_light,g_soil_medium,g_soil_heavy
1,6.5,81.5,33.41543013446664,31.27103255667664,35.48393252853969,1159.541935412503,389.32483849594905,3003.523706332383,0.0,1.0,0.0
3,7.5,81.5,33.71904255383061,31.57005674672256,35.58996770513541,1191.397062905271,393.5852071045406,3287.410888225005,0.0,1.0,1.0
4,7.5,99.5,30.04610707997472,25.936163367643307,32.844623555270935,1162.3547574250558,380.5206751753933,2248.301839408549,0.0,1.0,1.0
5,8.5,77.5,33.496704,32.43022,34.598602,1023.603729,293.97149829,2703.80107275,0.0,1.0,0.0
8,8.5,99.5,29.955755819869403,25.87411402609172,32.71322782303012,1133.3095019438797,376.06524396272016,2124.12462302315,0.0,1.0,1.0
9,9.5,76.5,31.756561,30.788004,33.09576,2865.3367008,758.0594196000001,7053.6222720000005,1.0,1.0,0.0
10,9.5,77.5,32.197372,31.05753,33.38449,1266.4391475,254.16572991,4802.2822485,0.0,1.0,0.0
11,9.5,78.5,33.234764,31.251812,34.795876,1709.1763179,568.7853012,5052.1215345,0.0,1.0,0.0
12,9.5,80.5,34.23181049486585,31.9940221175166,36.06134456844091,1324.5109727498757,418.241871499309,4156.12735478406,0.0,1.0,0.0
13,9.5,98.5,30.01668898314008,26.008657807069334,32.5650359390724,1049.5662960333057,359.1766283045292,1974.6413178661849,0.0,1.0,1.0
14,10.5,76.5,29.226086,28.206032,30.854225,1709.179191,430.4412723,6135.763629,0.0,1.0,0.0
15,10.5,77.5,30.330547,28.537369,31.865974,2026.2914181,801.36632385,5653.635489,0.0,1.0,0.0
16,10.5,78.5,33.293777,30.913467,34.91985,1929.6458424,523.0182456,3953.59422,0.0,1.0,0.0
17,10.5,79.5,34.177597,31.785837,35.921467,1357.0740515999998,604.027917,4831.753941,0.0,1.0,0.0
18,10.5,98.5,29.93086630298265,25.942523630777632,32.52085432448349,1029.138307626984,354.5456986939337,1831.5512685937028,0.0,1.0,1.0
19,11.5,76.5,28.81975,27.815996,30.926886,1098.0,512.4,2049.6,0.0,1.0,0.0
20,11.5,77.5,28.935335,27.602068,30.942635,1173.5664462,191.1872919,3195.942378,0.0,1.0,0.0
21,11.5,78.5,34.65342,31.710121,36.39795,2510.878584,529.6180125000001,4450.21047,0.0,1.0,0.0
22,11.5,79.5,34.2876,31.691895,35.96942,749.9329935000001,176.31482151,4534.4247825,0.0,1.0,0.0
23,11.5,99.5,29.692837698044404,25.694896070441867,32.492446597252815,1068.0062048467178,362.4670846151304,1772.3247490958863,0.0,1.0,1.0
24,12.5,75.5,30.059132,28.119604,32.40754,2869.1311875,919.7024778,6882.596694,0.0,1.0,0.0
25,12.5,76.5,27.515026,26.407642,30.030882,1002.383964,240.12096852,3388.284711,0.0,1.0,0.0
26,12.5,77.5,30.303223,28.65893,32.423073,857.7481755,240.43734075,2320.335873,0.0,1.0,0.0
29,12.5,98.5,29.788774028837448,25.8438570538078,32.33741081415927,1007.7418654785954,346.8951715176074,1580.0445547732993,0.0,1.0,1.0
30,12.5,99.5,29.619843212189394,25.647298898071146,32.41937437209321,1054.2307483032484,358.3097032661471,1643.2671699665248,0.0,1.0,1.0
31,13.5,75.5,29.876299,27.941074,32.677002,2523.8223021,942.4700568,6336.0841215,0.0,1.0,0.0
32,13.5,76.5,29.593777,28.181376,32.795944,1262.8447347,321.3435165,4365.196356,0.0,1.0,0.0
33,13.5,77.5,30.179825,28.936783,33.080807,1233.6264972,300.01044156,3594.662412,0.0,1.0,0.0
36,13.5,98.5,29.70234168750312,25.78861044495888,32.18670485692194,1010.7889872360143,344.578063980702,1539.965213641909,0.0,1.0,1.0
37,13.5,99.5,29.55878392970564,25.61557006420808,32.31623413427513,1044.9487379422255,354.48222356590946,1518.1730139936826,0.0,1.0,1.0
38,14.5,74.5,31.302696,29.538477,33.53548,5460.393162,1026.675384,12938.73318,0.0,1.0,0.0
39,14.5,75.5,30.276955,28.785175,33.48106,1178.7530688,362.08350903,3887.012781,0.0,1.0,0.0
40,14.5,76.5,30.21458,28.586887,33.426147,1034.7371561999998,323.79779355,2753.85834375,0.0,1.0,0.0
41,14.5,77.5,32.01659,30.494411,35.118458,723.0249114,220.38299478,2478.1261041,0.0,1.0,0.0
44,14.5,98.5,29.590589902074026,25.711506335370093,32.02527357179067,1024.4163607711794,343.6859177106854,1557.026372579115,0.0,1.0,1.0
45,14.5,99.5,29.48330418897076,25.581841456385643,32.19237470294853,1043.3019038683797,351.50314979020243,1438.8794391318363,0.0,1.0,1.0
46,15.5,74.5,31.773598,29.993029,33.79538,4005.595134,1227.5643477,12405.977175,0.0,1.0,0.0
47,15.5,75.5,31.43458,29.977955,34.707382,893.2611372,299.97404652,2130.4985355,0.0,1.0,0.0
48,15.5,76.5,32.015778,30.412693,35.723427,1107.3055317,238.65371844,4553.320722,0.0,1.0,0.0
49,15.5,77.5,32.767,31.401894,36.45098,1368.2962704,403.0844376,3848.804211,0.0,1.0,0.0
50,15.5,78.5,34.164207,32.236732,37.036854,1331.1820953,471.3725895,4014.26562825,0.0,1.0,0.0
51,15.5,79.5,34.263077,32.130398,36.64749,1429.0809648,436.0864746,4217.5423485,0.0,1.0,1.0
52,15.5,98.5,29.51613611771037,25.675307154500224,31.8742024723032,1044.1832115485608,343.9798875880606,1571.0622799040425,0.0,1.0,1.0
54,16.5,73.5,32.27584,30.55038,33.637466,7095.880266000001,2829.312858,16702.103658,0.0,1.0,0.0
55,16.5,74.5,31.585018,29.848482,34.32468,1215.1107402,337.996539375,3426.0289185,0.0,1.0,0.0
56,16.5,75.5,31.538977,29.942263,35.077377,706.6747581,247.70535045000003,2218.089747,0.0,1.0,0.0
57,16.5,76.5,32.27507,30.718025,36.055866,687.9126648,246.5541432,2111.023218,0.0,1.0,0.0
58,16.5,77.5,32.60821,31.073946,36.23381,1137.4857819,367.31286945,3007.7461845000003,0.0,1.0,0.0
59,16.5,78.5,32.746376,31.134796,36.338554,722.3554242,287.40255591,4312.977855,0.0,1.0,0.0
60,16.5,79.5,33.414345,31.403524,35.92826,1313.5883838,158.91399017999998,4962.481638,0.0,1.0,1.0
61,16.5,80.5,33.248703,31.149038,35.32631,1473.6950472,432.0267751500001,4733.188311,0.0,1.0,1.0
62,16.5,81.5,33.15284,30.950335,35.095654,1223.2069896,270.6317094,4683.196554,0.0,1.0,1.0
63,16.5,94.5,29.990729944375413,26.407102404945483,31.833102361651413,1174.0324749207375,361.2043779147479,2266.645863061937,0.0,1.0,1.0
64,16.5,95.5,29.81943292619093,26.20890172914626,31.655886669370062,1139.212538182148,354.26128670461304,2000.5846677861512,0.0,1.0,1.0
65,16.5,96.5,29.672114074578296,26.01230110107013,31.48363784761728,1111.707771927713,349.13681742123765,1949.699371734768,0.0,1.0,1.0
66,16.5,97.5,29.54706875421072,25.824887060536955,31.56030952160777,1085.6913459357952,345.67401289561855,1802.442544953064,0.0,1.0,1.0
67,16.5,98.5,29.45148537988925,25.67135528727741,31.73378466029099,1066.188379523131,345.0378303438393,1565.108211570724,0.0,1.0,1.0
69,17.5,73.5,31.233461,29.638775,33.435627,6545.680701000001,2703.70386315,18162.269808,0.0,1.0,0.0
70,17.5,74.5,31.539944,29.90974,34.509666,877.7941602,137.434022055,1634.49699165,0.0,1.0,0.0
71,17.5,75.5,32.2883,30.596218,35.451683,902.5253475,311.62029645,2970.1095261,0.0,1.0,0.0
72,17.5,76.5,32.52365,30.920185,36.051483,810.7644078000001,236.381454105,3131.1225885000003,0.0,1.0,0.0
73,17.5,77.5,32.58091,31.049644,36.156246,1287.798267,451.722141,4290.184656,0.0,1.0,0.0
74,17.5,78.5,32.6101,31.056131,35.91597,1288.3068972,251.03923896,3653.372838,0.0,1.0,1.0
75,17.5,79.5,32.92272,31.044968,36.14855,1745.438262,576.613419,4852.302828,0.0,1.0,1.0
76,17.5,80.5,32.311012,30.303883,34.907425,1532.6988404999995,402.915309,4657.9024770000005,0.0,1.0,1.0
77,17.5,81.5,32.12409,29.889095,34.135735,1535.8285431000002,507.13583115000006,4686.620301,0.0,1.0,1.0
78,17.5,82.5,31.807941,29.529709,33.45028,1873.6742859,561.0635979,4643.117724,0.0,1.0,1.0
79,17.5,94.5,29.83015249929172,26.23699619007632,31.630971131443737,1206.8822085507231,366.4551618400803,2326.105862506398,0.0,1.0,1.0
80,17.5,95.5,29.65360995935155,26.0699991101806,31.427597793604715,1166.812590094125,358.3879810937212,1993.1161549012536,0.0,1.0,1.0
81,17.5,96.5,29.527136023860567,25.920548453917977,31.330910298821635,1135.9353188472571,352.4425721991452,1882.502126015692,0.0,1.0,1.0
82,17.5,97.5,29.417146469398627,25.768105159061967,31.44135998577677,1109.4552693700746,348.1958963642704,1758.5800006203156,0.0,1.0,1.0
83,17.5,98.5,29.35173959931769,25.64511923968749,31.60429779588712,1087.431307559866,346.4241309898933,1536.56958680476,0.0,1.0,1.0
85,18.5,73.5,31.40723,29.782299,33.38616,3529.103028,1530.1504008000002,8453.2953015,0.0,1.0,0.0
86,18.5,74.5,31.467245,29.91479,34.4132,1137.9206082,333.09893508,3654.729234,0.0,1.0,0.0
90,18.5,78.5,32.577965,30.895187,36.294674,1558.231275,350.40400068,4887.339093,0.0,1.0,1.0
91,18.5,79.5,31.907627,30.334597,35.716457,2050.9939842,402.89584695,4551.282468,0.0,1.0,1.0
92,18.5,80.5,32.191425,30.181664,35.164482,3184.77279,1144.9896237,6446.222946,0.0,1.0,1.0
93,18.5,81.5,31.94672,29.620039,34.028778,1663.396434,545.1711276,4752.326268,0.0,1.0,1.0
94,18.5,82.5,31.627033,29.413227,33.57382,1991.6509272,575.02811745,4280.4639705,0.0,1.0,1.0
95,18.5,83.5,31.630444,29.26559,33.593792,2216.924586,603.304518,4989.135954,0.0,1.0,1.0
96,18.5,94.5,29.67065553903369,26.081692083910564,31.44513062168887,1240.3069238234964,371.20392188509214,2372.081476863841,0.0,1.0,1.0
97,18.5,95.5,29.47831676754741,25.91291726789443,31.21271266522886,1195.8990524588564,362.21098257993,2014.8942668613,0.0,1.0,1.0
98,18.5,96.5,29.360452031819086,25.80637767283857,31.217634674823785,1160.740888649672,355.45907804936854,1840.906132720265,0.0,1.0,1.0
99,18.5,97.5,29.27623371747381,25.69931376981745,31.34467782073333,1131.8804830653485,350.6029462735988,1711.7503597432053,0.0,1.0,1.0
100,18.5,98.5,29.238211479472103,25.610206375824525,31.50102860233517,1108.5927268998246,347.99305766403404,1501.5802457719706,0.0,1.0,1.0
101,18.5,99.5,29.18959957231235,25.518911004999108,31.68222598182159,1103.413012659995,349.5998634905736,1344.0159137857625,0.0,1.0,1.0
102,19.5,73.5,31.642298,29.657116,34.090958,6005.897862,2537.8787700000003,12282.454919999998,0.0,1.0,0.0
103,19.5,74.5,32.338474,30.209667,36.137596,979.5533049,243.035895,2752.6363155,0.0,1.0,0.0
107,19.5,78.5,32.9052,30.812082,36.736904,1363.0669539,348.690034575,4698.894202500001,0.0,1.0,1.0
108,19.5,79.5,33.09053,30.82488,36.577873,1435.2966147,502.0250895,4589.7850275,0.0,1.0,1.0
109,19.5,80.5,32.025597,30.006086,35.342697,2262.83709,456.786666,6486.170015999999,0.0,1.0,1.0
110,19.5,81.5,31.766266,29.515484,35.23429,1750.7248392,580.98939735,4713.881811,0.0,1.0,1.0
111,19.5,82.5,31.38966,29.133179,34.08727,1722.1051764,604.5070293,5632.5175635000005,0.0,1.0,1.0
112,19.5,83.5,32.244385,29.873596,34.53193,1946.918151,661.7751042,5388.439941,0.0,1.0,1.0
113,19.5,84.5,32.391487,29.996765,34.83041,1305.7817502,374.4797442,3762.004566,0.0,1.0,1.0
114,19.5,94.5,29.50017029730816,25.93337734213059,31.269367094566245,1275.4541722863012,375.27275858892295,2417.2793821408504,0.0,1.0,1.0
115,19.5,95.5,29.30284710910826,25.7752442236099,31.051973974831384,1225.9564139006827,365.4911877533961,2048.9231772415783,0.0,1.0,1.0
116,19.5,96.5,29.190910230963045,25.68500580198368,31.141285490755816,1187.254803673356,358.11247344576776,1839.5398772536416,0.0,1.0,1.0
117,19.5,97.5,29.127608447015824,25.625637184762947,31.268413251949468,1154.6141850425963,352.75443742041125,1686.340626948618,0.0,1.0,1.0
118,19.5,98.5,29.11101237963564,25.569100683443672,31.42942496801353,1128.9824645853694,349.5229670450375,1460.8427164037662,0.0,1.0,1.0
119,19.5,99.5,29.09001055092268,25.49990073765901,31.58495013623358,1126.2866780860966,350.703788062236,1344.2477702413482,0.0,1.0,1.0
120,20.5,73.5,32.373695,30.354393,34.780853,2313.7351545,543.88971585,5589.307329,0.0,1.0,0.0
121,20.5,74.5,31.783573,29.586449,34.98456,295.5596766,104.69712369,3149.5003818,0.0,1.0,0.0
125,20.5,78.5,32.819016,30.586594,36.665573,1430.5567866,300.2530776,3590.846496,0.0,1.0,1.0
126,20.5,79.5,32.0693,29.866655,35.504395,1014.0069528,295.64732445000004,4381.417842,0.0,1.0,1.0
127,20.5,80.5,32.119843,29.93781,35.69884,1944.115506,398.5640082,4707.632361,0.0,1.0,1.0
128,20.5,81.5,31.237242,29.237038,34.697014,1050.8336532,278.02701024,3486.5915790000004,0.0,1.0,1.0
129,20.5,82.5,32.285313,30.012756,35.405712,2049.5892945,862.1456289,4669.3043835,0.0,1.0,1.0
130,20.5,83.5,32.37417,30.17117,35.577354,2079.0378558,630.3341853,5204.7237705,0.0,1.0,1.0
131,20.5,84.5,32.488297,29.919456,35.213078,1489.7928069,408.0064422,3855.2537715,0.0,1.0,1.0
132,20.5,85.5,32.22989,29.700727,34.44051,1594.590996,470.4179334,4011.760404,0.0,1.0,1.0
133,20.5,86.5,32.283512,29.426855,34.26026,1522.5429261000002,359.3159433,5214.34074075,0.0,1.0,1.0
134,20.5,93.5,29.5747621994346,25.97421260497781,31.40433496531517,1377.602588182836,391.2225115405727,2927.9630539278805,0.0,1.0,1.0
135,20.5,94.5,29.31068782041909,25.78935531347216,31.098906621327025,1314.760896136083,378.666982014307,2498.159488767138,0.0,1.0,1.0
136,20.5,95.5,29.12529004908429,25.660450653096195,30.989388326681187,1259.345068535493,368.2434765054061,2119.594114925531,0.0,1.0,1.0
137,20.5,96.5,29.024409284562,25.586055970750667,31.084457872497616,1214.913175743506,360.2671587976343,1866.908899866136,0.0,1.0,1.0
138,20.5,97.5,28.98217603999563,25.55323142123144,31.211740971452475,1179.3829753762411,354.63120083604406,1706.1759745535774,0.0,1.0,1.0
139,20.5,98.5,28.98140490009224,25.526146904017192,31.37688410510017,1150.221340838985,351.00725999870565,1439.3863431363484,0.0,1.0,1.0
140,20.5,99.5,28.9844315916362,25.478967939593648,31.51074522139232,1153.081495674747,352.2464752037819,1385.1170450850484,0.0,1.0,1.0
141,21.5,70.5,32.777836,30.495024,35.36493,3221.366934,713.8284568500001,12381.520506,0.0,1.0,0.0
142,21.5,71.5,33.27643,30.905247,36.188717,2228.6784564,535.4646978000001,4828.0506615,0.0,1.0,0.0
146,21.5,75.5,31.878965,29.491114,36.054253,2995.9852320000005,1255.0695588,6281.610420000001,0.0,1.0,1.0
147,21.5,76.5,32.145203,29.9626,36.271606,1918.1015436,626.6195232,3609.979695,0.0,1.0,1.0
148,21.5,77.5,31.568521,29.590073,35.965897,1570.7362506,311.4468582,4043.37768,0.0,1.0,1.0
149,21.5,78.5,30.87875,28.658571,34.775692,1126.8264528,411.8556642,3084.5170635000004,0.0,1.0,1.0
150,21.5,79.5,31.201218,28.658161,34.785492,977.4006942,274.114707225,3347.720565,0.0,1.0,1.0
151,21.5,80.5,31.527813,29.173061,34.83714,1877.8418364,762.9431040000001,4356.16311,0.0,1.0,1.0
155,21.5,84.5,32.077656,29.574675,35.347553,1304.0774346,331.48952602500003,4698.606069,0.0,1.0,1.0
156,21.5,85.5,32.82202,29.790262,35.53035,1829.947113,731.9681946000001,5123.961936,0.0,1.0,1.0
157,21.5,86.5,32.278946,29.099045,34.410053,1512.43644,358.90251519000003,5159.840367,0.0,1.0,1.0
158,21.5,92.5,29.643735463276435,25.901743021991884,31.577764487798,1510.5477610657206,410.527469638537,3586.9042565429804,0.0,1.0,1.0
159,21.5,93.5,29.32330217599729,25.745531097090065,31.21116331400596,1427.6558151007616,394.420266852436,3042.5750438266846,0.0,1.0,1.0
160,21.5,94.5,29.102076428184343,25.66364207002549,30.9828924988374,1363.1441707421266,381.7065945349739,2691.9948392551346,0.0,1.0,1.0
161,21.5,95.5,28.94569885731877,25.578397184623007,30.99898071847685,1299.867910034386,370.7000241497211,2275.977515287625,0.0,1.0,1.0
162,21.5,96.5,28.867629390401028,25.52323795703492,31.058800807065715,1245.6022902528496,362.005680570894,1941.3046896660808,0.0,1.0,1.0
163,21.5,97.5,28.85019958954929,25.498093871699123,31.182437373863472,1205.0630018088923,356.0766465246592,1752.9066453259004,0.0,1.0,1.0
164,21.5,98.5,28.85578185550774,25.48750050991752,31.341427477678003,1175.5110549143717,352.5591086823253,1473.9360845097608,0.0,1.0,1.0
165,21.5,99.5,28.873574576796933,25.456543049913165,31.46215378385516,1183.8895356186167,354.16175695891275,1464.4110908892171,0.0,1.0,1.0
166,22.5,70.5,33.01361,30.623535,35.592743,1644.996516,838.2176286000001,5601.108816,0.0,1.0,0.0
167,22.5,71.5,33.628555,31.076946,37.114147,1081.8714414,383.4347028,4283.4963720000005,0.0,1.0,0.0
171,22.5,75.5,31.751427,28.91142,35.702297,1457.4825465,468.0590817,3496.379151,0.0,1.0,1.0
172,22.5,76.5,31.920414,28.886692,35.613403,1569.7688577,482.72771205,3506.090961,0.0,1.0,1.0
173,22.5,77.5,30.994213,27.987326,34.665558,1700.014734,429.0603177,4439.469102,0.0,1.0,1.0
174,22.5,78.5,30.892595,28.091705,34.42321,1172.3572737,291.5706975,4094.875161,0.0,1.0,1.0
175,22.5,79.5,30.84125,28.040575,34.107243,1120.818636,361.64748225,5948.823273000001,0.0,1.0,1.0
176,22.5,80.5,31.322117,28.27612,34.639816,1386.6008088,387.6687738,7334.801772,0.0,1.0,1.0
180,22.5,84.5,31.71159,28.68529,34.7887,1545.504906,512.4,4815.985746,0.0,1.0,1.0
181,22.5,85.5,32.307518,28.948406,35.00971,1555.5222345000002,649.55726475,4858.9663155,0.0,1.0,1.0
182,22.5,86.5,32.459877,28.20058,34.860245,1885.715082,639.073332,4831.922118,0.0,1.0,1.0
186,22.5,90.5,30.61902488684888,26.65981968186515,32.48257896777158,1889.5377948561647,467.46272691863777,6756.968950321191,0.0,1.0,1.0
187,22.5,92.5,29.282192,25.467829,31.218544,0.0,0.0,0.0,0.0,1.0,1.0
188,22.5,93.5,29.0595301237693,25.590658192932946,31.142219641589136,1511.3983752587685,398.8160211052423,3633.113708050363,0.0,1.0,1.0
189,22.5,94.5,28.88627467252444,25.59223914455999,31.01367791845112,1431.213695615708,385.3663949247006,3133.8513881369377,0.0,1.0,1.0
190,22.5,95.5,28.77051261542883,25.532851508472778,31.012761346715827,1350.5531052377748,373.1714583792638,2544.8058694566,0.0,1.0,1.0
191,22.5,96.5,28.72675162227142,25.492787579389503,31.074437665781563,1280.1604666226372,363.376200382189,2068.216392961466,0.0,1.0,1.0
192,22.5,97.5,28.73570123672973,25.476403396987145,31.18639663038978,1231.5507833988247,357.0777108309097,1819.5529116916505,0.0,1.0,1.0
193,22.5,98.5,28.7461234248354,25.456480184547694,31.32247076504968,1205.977972565415,354.2041409910443,1575.5370642366977,0.0,1.0,1.0
194,22.5,99.5,28.7738503120721,25.440917200677543,31.43756597261596,1219.8282751780423,356.47382798639177,1598.4906725342687,0.0,1.0,1.0
195,23.5,68.5,33.02864,30.633787,35.47237,0.0,0.0,0.0,1.0,1.0,0.0
196,23.5,69.5,33.29416,30.77524,36.02957,2214.0488508,1061.902152,14411.118605999998,0.0,1.0,0.0
197,23.5,70.5,33.269608,30.865385,36.044296,914.5881585,122.07985998,3245.2479765,0.0,1.0,0.0
198,23.5,71.5,33.081085,30.173622,36.463234,1330.6027722,594.3169121999999,3891.6607065,0.0,1.0,0.0
202,23.5,75.5,31.890419,28.526205,35.797447,1660.595985,388.1860965,5332.703631,0.0,1.0,1.0
203,23.5,76.5,32.046505,28.464111,36.200863,1667.493804,273.27347910000003,5733.409764,0.0,1.0,1.0
204,23.5,77.5,31.568047,28.048634,35.913628,2337.622785,681.1454254500001,6612.703719,0.0,1.0,1.0
205,23.5,78.5,31.00686,27.702541,34.879486,1922.2654524,519.4124136,5770.125237,0.0,1.0,1.0
206,23.5,79.5,30.974453,27.413784,34.799393,1522.0850784000002,344.8923042,4084.799364,0.0,1.0,1.0
207,23.5,80.5,31.496395,28.134548,34.910213,1640.093397,453.2386528500001,5756.98419,0.0,1.0,1.0
211,23.5,84.5,32.544395,28.395401,35.382454,2732.0082078,991.190403,5189.052291,0.0,1.0,1.0
212,23.5,85.5,32.832047,28.446028,35.2312,1687.9092839999998,859.2518316000001,3845.161779,0.0,1.0,1.0
213,23.5,86.5,32.545013,27.929428,35.197407,1916.4968532,653.90474085,5449.078455,0.0,1.0,1.0
217,23.5,90.5,30.450013895079547,26.49242948396606,32.464844092678184,2097.015859532733,479.3040542502302,7863.189148769249,0.0,1.0,1.0
218,23.5,91.5,29.312832,25.598196,31.473946,2745.0,530.6999999999999,9909.45,0.0,1.0,1.0
219,23.5,92.5,29.018852,25.355457,31.18826,2745.0,530.6999999999999,9909.45,0.0,1.0,1.0
220,23.5,93.5,28.864872,25.716606,31.415482,1464.0,402.6,5124.0,0.0,1.0,1.0
221,23.5,94.5,28.67961966664605,25.567467411732306,31.1055572518338,1521.0418750627,390.2187627823045,3716.743682865415,0.0,1.0,1.0
222,23.5,95.5,28.600264890483043,25.49545371869045,30.998327576827016,1408.4473436805272,375.5827403859102,2852.698025703564,0.0,1.0,1.0
223,23.5,96.5,28.612901047191546,25.48726341618101,31.10522920490053,1316.2190569662862,364.2386630848559,2220.0365891534148,0.0,1.0,1.0
224,23.5,97.5,28.644912812677784,25.473643009953328,31.21740055746745,1260.4192378912117,357.7634071806626,1923.2425454015656,0.0,1.0,1.0
225,23.5,98.5,28.66504514083136,25.448291499923464,31.324130217159425,1240.808809100146,355.87614416956484,1733.4441208621868,0.0,1.0,1.0
226,23.5,99.5,28.6935385985924,25.436579401172985,31.436414808282457,1262.6836891001349,359.2886015428681,1814.375710564358,0.0,1.0,1.0
227,24.5,67.5,33.440392972421414,30.501790926676108,35.84030864342503,1452.513589884352,502.9031671581902,4452.181923830523,0.0,1.0,0.0
228,24.5,68.5,33.729347,30.827408,36.131252,1011.0112062,294.162732375,3632.1469425,1.0,1.0,0.0
229,24.5,69.5,33.763374,30.571274,36.14849,1712.1173292,503.00134875,7181.13228,0.0,1.0,0.0
230,24.5,70.5,33.28582,29.961697,36.088116,852.2210814,284.0737182,4039.716948,0.0,1.0,1.0
231,24.5,71.5,33.13591,29.58904,36.431675,1029.1193124,172.8222354,3672.589302,0.0,1.0,1.0
232,24.5,72.5,32.96442,29.253256,36.27961,1364.216322,419.62039080000005,3296.31861,0.0,1.0,1.0
233,24.5,73.5,32.147507,28.40186,35.782387,1593.0446459999998,301.74093531,4794.064359,0.0,1.0,1.0
234,24.5,74.5,32.426548,28.089926,36.006237,2189.196609,582.2297622,6936.4989780000005,0.0,1.0,1.0
241,24.5,81.5,33.019062,27.752367,36.661438,1215.7858638,352.86027609,4035.99912,0.0,1.0,1.0
242,24.5,82.5,32.957565,27.764542,36.58304,2063.0001201,659.86320255,5956.918827,0.0,1.0,1.0
243,24.5,83.5,32.616104,27.291647,35.770283,2096.7032118,431.3504712,5095.808849999999,0.0,1.0,1.0
244,24.5,84.5,32.85845,27.725367,35.902657,1136.9951955,278.7360108,3335.423514,0.0,1.0,1.0
245,24.5,85.5,32.653934,27.579239,35.686462,1233.7941069,366.0,2927.40322785,0.0,1.0,1.0
246,24.5,86.5,32.744724,27.888195,35.502335,1798.4582481,828.0633978000001,4565.3900295,0.0,1.0,1.0
247,24.5,87.5,32.925186,28.012732,35.365746,1594.635282,325.3457814,4940.905572,0.0,1.0,1.0
248,24.5,88.5,32.9215,28.467548,35.19317,1355.47368,306.42069000000004,4228.76583,0.0,1.0,1.0
249,24.5,89.5,31.561527411987505,27.411367221871508,33.73812960175834,2203.422462994475,503.0780667035358,7377.42567589238,0.0,1.0,1.0
250,24.5,90.5,30.24854207563213,26.413401365022764,32.38694959726204,2351.296333816223,491.2369702042407,8787.883134781256,0.0,1.0,1.0
251,24.5,91.5,29.08654,25.297897,31.196545,2745.0000732000003,530.6999999999999,9909.450549,0.0,1.0,1.0
252,24.5,92.5,28.784515,25.66401,31.281986,1491.9786504,252.33574638,5621.344041,0.0,1.0,1.0
253,24.5,93.5,28.816422,25.722435,31.400839,1756.8,439.2,4520.099999999999,0.0,1.0,1.0
254,24.5,94.5,28.418434,25.41523,30.948708,1866.6,439.2,4575.0,0.0,1.0,1.0
255,24.5,95.5,28.45953777508737,25.443924271554675,30.961166424458167,1461.3345406238786,377.1755071291293,3059.7396706285303,0.0,1.0,1.0
256,24.5,96.5,28.54762417757277,25.50322907184498,31.1472699486264,1350.1030212893686,364.3637314489236,2380.4070302489886,0.0,1.0,1.0
257,24.5,97.5,28.596407963469268,25.50045145649031,31.287007392435395,1292.7357753203075,358.21021842796364,2100.5132545945094,0.0,1.0,1.0
258,24.5,98.5,28.62014665573836,25.47226715497473,31.360364657696305,1280.5876838413578,357.6636210115934,1960.6516451373243,0.0,1.0,1.0
259,24.5,99.5,28.65589256993137,25.46537761723553,31.46112364910772,1312.178113316224,362.5232497836754,2115.980446182792,0.0,1.0,1.0
260,25.5,66.5,33.35159954661987,29.89243668912876,35.96557628708157,1441.2274145703927,478.5070919187225,4287.646376308765,0.0,1.0,1.0
261,25.5,67.5,33.676534978199804,30.190066897225947,36.16993107638244,1402.2826044808307,475.612456952552,4212.822029039968,0.0,1.0,1.0
262,25.5,68.5,33.96538312370873,30.34812583902644,36.43956645331757,1381.0581844470669,473.4004650161216,4459.167071044878,1.0,1.0,0.0
263,25.5,69.5,34.11570670581221,30.145588166810665,36.60522753352039,1385.2166206737925,472.3640853115588,4959.276584710048,0.0,1.0,1.0
264,25.5,70.5,34.133415,29.530827,36.765053,1936.4507157,670.7687124,6335.5157235,0.0,1.0,1.0
265,25.5,71.5,33.83914,29.192396,36.562496,1975.7480442,638.2275243,5243.0950275000005,0.0,1.0,1.0
266,25.5,72.5,33.439594,28.639977,36.23927,1538.9229449999998,348.77740335,3666.96173175,0.0,1.0,1.0
267,25.5,73.5,32.099983,27.805624,35.35631,2180.4280359,611.7573977999999,5739.76389,0.0,1.0,1.0
268,25.5,74.5,32.71038,27.909233,36.177788,2370.36789,612.5607220500001,6410.232244500001,0.0,1.0,1.0
275,25.5,81.5,33.15203,27.613636,36.803585,901.3120392,441.7461339,2777.1344889,0.0,1.0,1.0
276,25.5,82.5,33.267784,27.355774,36.444782,2201.8989318,815.71085205,4877.2652175,0.0,1.0,1.0
277,25.5,83.5,33.058395,27.298832,36.446556,1420.2112659,621.5778732,3337.4911395,0.0,1.0,1.0
278,25.5,84.5,33.179665,27.327847,36.182934,954.8001942,249.7760229,2050.3256316,0.0,1.0,1.0
279,25.5,85.5,32.860832,27.116594,35.99933,951.7621746,258.564909,3488.973324,0.0,1.0,1.0
280,25.5,86.5,32.801865,27.377018,35.665558,1359.2986362,302.57551779,5122.123335,0.0,1.0,1.0
281,25.5,87.5,32.649506,28.150093,35.10488,1117.455096,284.53287984,5513.703258,0.0,1.0,1.0
282,25.5,88.5,32.31263,27.767956,34.804707,894.7564119,358.54007820000004,3863.542665,0.0,1.0,1.0
283,25.5,89.5,30.52178723792068,26.474521533418773,32.81122675692434,2469.51437642217,510.4151736503484,8538.379823124002,0.0,1.0,1.0
284,25.5,90.5,29.830853,26.32397,32.07697,4501.8,713.7000183,13194.3,0.0,1.0,1.0
285,25.5,91.5,28.66999,25.497076,31.23505,2294.4752097,702.6074732999999,4552.8210405,0.0,1.0,1.0
286,25.5,92.5,28.47358,25.355251,30.975685,1017.350619,236.735712825,3610.5200025,0.0,1.0,1.0
287,25.5,93.5,28.3928,25.353182,30.981014,1831.188402,440.0071398,4545.753672,0.0,1.0,1.0
288,25.5,94.5,28.228352,25.219034,30.71024,1830.0,439.2,4538.400000000001,0.0,1.0,1.0
289,25.5,95.5,28.474294749366443,25.47647405071529,31.06011942067551,1496.4130418964714,377.0133403149508,3150.5177011746514,0.0,1.0,1.0
290,25.5,96.5,28.582423888537807,25.577702872743004,31.28476340588529,1386.4568058134814,363.9308101095445,2713.1625068091416,0.0,1.0,1.0
291,25.5,97.5,28.604320013355533,25.562249920431693,31.40522331636792,1332.9011455975783,358.7343441113492,2449.0607863473942,0.0,1.0,1.0
292,25.5,98.5,28.62451059559656,25.528364042440145,31.43888260540157,1328.2901275175052,359.9006780212095,2290.004258507161,0.0,1.0,1.0
293,25.5,99.5,28.63996157965224,25.506920059936306,31.511878105972286,1364.6127200685205,365.9755902434328,2475.3208103326383,0.0,1.0,1.0
294,26.5,66.5,33.39006734617909,29.433820846113832,36.14421318280188,1387.8742299349865,453.3965413291786,3996.279431344093,0.0,1.0,1.0
295,26.5,67.5,33.75966299515467,29.703832956450608,36.37902206336693,1375.4563327574,452.1619438853872,4004.3064437935,0.0,1.0,1.0
296,26.5,68.5,34.10403274152911,29.88189968073146,36.69629278430212,1379.0529706667735,451.81787661953416,4151.2266690998495,0.0,1.0,1.0
297,26.5,69.5,34.35710516119438,29.846975634434173,36.95195300128831,1378.3349547471382,450.06546579131424,4281.902230385278,0.0,1.0,1.0
298,26.5,70.5,34.52089,29.645073,37.144337,875.2138602,279.4341192,3628.702242,0.0,1.0,1.0
299,26.5,71.5,34.1455,28.839441,36.91813,824.7924191999999,222.61322493,3741.958197,0.0,1.0,1.0
300,26.5,72.5,33.979164,28.705269,36.80095,1271.5435848000002,304.01511291,5168.819262,0.0,1.0,1.0
301,26.5,73.5,33.98092,28.302786,37.0223,1290.040383,350.86142748,3768.6036375,0.0,1.0,1.0
302,26.5,74.5,33.726654,27.914436,36.847305,1838.8224483,551.17247535,4470.5632725,0.0,1.0,1.0
309,26.5,81.5,33.152164,27.061949,36.814323,2892.6717951,299.25330834,5407.2709155,0.0,1.0,1.0
310,26.5,82.5,33.108078,27.217562,36.138542,902.3167458,380.6360472,2537.573892,0.0,1.0,1.0
311,26.5,83.5,33.220016,27.440287,36.307426,1502.0091000000002,237.84113256,5672.539206,0.0,1.0,1.0
312,26.5,84.5,33.015438,27.374794,36.15666,894.8781252000001,379.05888915,4415.2692735,0.0,1.0,1.0
313,26.5,85.5,32.68979,27.273186,35.975544,853.0933692,363.56076189,4557.663403500001,0.0,1.0,1.0
314,26.5,86.5,31.284418,26.105852,34.302567,2174.3054598000003,800.6966994,5498.47107,0.0,1.0,1.0
315,26.5,87.5,28.737034,23.990032,31.410076,1196.6133564,405.9727998,3418.881396,0.0,1.0,1.0
316,26.5,88.5,28.500614,23.97521,30.786045,2186.1332073,447.2326294500001,9006.949083,0.0,1.0,1.0
317,26.5,89.5,28.469273,24.488026,30.75075,4258.769778,599.9930964,10356.074676,0.0,1.0,1.0
318,26.5,90.5,27.581345,23.8464,29.90666,4501.800366,713.6999999999999,13194.3,0.0,1.0,1.0
319,26.5,91.5,28.484179,25.178444,31.06396,2415.6,585.6000366,6405.0,0.0,1.0,1.0
320,26.5,92.5,28.398342,25.250496,31.009508,2156.2528758,291.9008295,5982.893664000001,0.0,1.0,1.0
321,26.5,93.5,28.948448,25.721611,31.75548,1835.8473624,432.558564,4734.321996000001,0.0,1.0,1.0
322,26.5,94.5,28.820879,25.685411,31.453604,1457.0021715,344.26873353,4075.859814,0.0,1.0,1.0
323,26.5,95.5,28.737156,25.702826,31.423883,0.0,0.0,0.0,0.0,1.0,1.0
324,26.5,96.5,28.74741899853532,25.744588331616736,31.59918113875092,1470.5097677092365,365.69378727754565,4011.656482792212,0.0,1.0,1.0
325,26.5,97.5,28.65716217589927,25.65090272571677,31.565609292047974,1389.561189315521,360.144481525385,3072.687420146637,0.0,1.0,1.0
326,26.5,98.5,28.65485513872264,25.601850961186955,31.546951796195906,1386.9309477004706,362.9868553495432,2729.3025993362635,0.0,1.0,1.0
327,26.5,99.5,28.628041092995968,25.53801315229381,31.59155605744765,1420.1558854496484,369.9083551358398,2897.889779740518,0.0,1.0,1.0
328,27.5,66.5,33.289422719188856,28.82172141541957,36.13882245420958,1337.8433185995214,429.51406989522303,3709.4414462736336,0.0,1.0,1.0
329,27.5,67.5,33.69578600831836,29.07369324234842,36.47614203595378,1342.1153539910988,429.2151193307437,3727.5684583673305,0.0,1.0,1.0
330,27.5,68.5,34.11977288682736,29.31735396633568,36.86536057456695,1366.6503995171695,430.5963258376184,3818.2385208874025,0.0,1.0,1.0
331,27.5,69.5,34.472897,29.506132,37.199944,2196.0,732.0,4209.0,0.0,1.0,1.0
332,27.5,70.5,34.34948,28.964123,37.098213,1814.4271758,750.1269552,3486.96984,0.0,1.0,1.0
333,27.5,71.5,34.39486,28.721643,37.206768,951.4490433,245.47117207500003,3707.47601025,0.0,1.0,1.0
337,27.5,75.5,33.90898,27.35841,36.881294,1269.0933978,418.2650562,3803.388552,0.0,1.0,1.0
338,27.5,76.5,33.50596,26.861366,36.58573,1899.253605,544.4279371499999,7757.896490999999,0.0,1.0,1.0
339,27.5,77.5,33.597702,26.756632,36.79769,1177.6419294,378.12703485,3750.183498,0.0,1.0,1.0
340,27.5,78.5,33.469376,26.874575,36.73887,2621.562657,739.2556388999999,6433.0525275,0.0,1.0,1.0
341,27.5,79.5,33.13334,26.50861,36.238586,1222.7814231,274.21381727999994,3306.1220115,0.0,1.0,1.0
342,27.5,80.5,32.89035,26.683191,36.006058,784.6671804,204.07419216,1684.314798,0.0,1.0,1.0
343,27.5,81.5,33.04415,26.514963,36.084736,2965.548306,466.5258528,8210.556324,0.0,1.0,1.0
344,27.5,82.5,33.35446,27.073494,36.31466,2376.9045768,692.55102855,6518.3991525,0.0,1.0,1.0
345,27.5,83.5,33.1702,27.37023,36.093437,1539.911694,405.1324821,6079.031433000001,0.0,1.0,1.0
346,27.5,84.5,33.05892,27.348866,35.978027,1153.0380369000002,461.7866469,4917.9102495,0.0,1.0,1.0
347,27.5,85.5,31.88075831700564,26.458781973221143,34.917751353526555,1665.17743352577,488.7928709430804,5220.261601796736,0.0,1.0,1.0
348,27.5,86.5,30.356618075706475,25.25235782389285,33.28096530754488,1901.8780737782563,504.9866589658584,5703.442296045465,0.0,1.0,1.0
349,27.5,87.5,28.80974113803077,24.087480194625904,31.50330609654646,2220.7209533502123,520.2865868102762,6592.01922750829,0.0,1.0,1.0
350,27.5,88.5,28.22854,23.929163,30.699112,3701.5549995,884.380989,8668.5087915,0.0,1.0,1.0
351,27.5,89.5,28.363213,24.168268,30.555992,2680.3251282,436.2635637,7969.845261,0.0,1.0,1.0
352,27.5,90.5,27.92225,24.124834,30.127554,2810.9698164,470.04319515,6471.880827,0.0,1.0,1.0
353,27.5,91.5,28.611591,24.749977,31.071718,2415.5997804,585.6,6405.0,0.0,1.0,1.0
354,27.5,92.5,28.15316,25.034197,30.878305,2415.5997804,613.0499634,6414.15,0.0,1.0,1.0
355,27.5,93.5,28.340885,25.131004,30.985016,2415.6001464,585.6000366,6405.0,0.0,1.0,1.0
356,27.5,94.5,28.68569,25.730791,31.387688,2342.4,439.1999634,10193.0991765,0.0,1.0,1.0
357,27.5,95.5,29.462019,26.080978,32.21919,2342.4,439.2000732,10193.1004575,0.0,1.0,1.0
358,27.5,96.5,28.874882,25.94234,32.008873,2342.3998536,439.2,10211.399085,0.0,1.0,1.0
359,27.5,97.5,28.671587,25.67967,31.650888,0.0,0.0,0.0,0.0,1.0,1.0
360,27.5,98.5,28.70183696343619,25.674220697251915,31.6960009650465,1472.2024223286612,368.7770298721928,3462.236467996102,0.0,1.0,1.0
361,27.5,99.5,28.62423860787469,25.557347994904685,31.705883590434777,1487.1895752997832,375.08282682531103,3498.138094973251,0.0,1.0,1.0
362,28.5,66.5,33.025927276709595,28.05090082611009,35.932784849789286,1279.0401724690505,405.64065588079546,3388.5009654324563,0.0,1.0,1.0
363,28.5,67.5,33.44082613405053,28.24916550029463,36.31593576454638,1285.8392256754266,404.8946510402722,3381.600726837828,0.0,1.0,1.0
364,28.5,68.5,33.93361226323752,28.47584376840244,36.812900245747095,1304.339549163962,405.1643824486016,3404.882592247752,0.0,1.0,1.0
365,28.5,69.5,34.52355307633301,28.687722037106905,37.39038662872689,1316.7048175410605,404.5893793211869,3415.387122020712,0.0,1.0,1.0
366,28.5,70.5,35.384624,28.940454,38.191814,2196.0,732.0,4209.0002745,0.0,1.0,1.0
367,28.5,71.5,35.3283,28.7846,38.287933,664.3784805,274.28492925,1986.6919749,1.0,0.0,0.0
371,28.5,75.5,33.9462,26.844463,36.851334,1232.5314618,317.0332992,2881.85655,0.0,1.0,1.0
372,28.5,76.5,33.906593,26.740917,36.69694,1855.172016,315.5532135,4165.71684,0.0,1.0,1.0
373,28.5,77.5,33.54537,26.460382,36.538864,1007.25762,285.8367768,3175.260816,0.0,1.0,1.0
374,28.5,78.5,32.72538,26.119022,35.88299,1949.9525472,604.972746,5087.95266,0.0,1.0,1.0
375,28.5,79.5,31.660782,25.467985,34.282986,2889.2328042,655.4407421999999,7543.403106,0.0,1.0,1.0
376,28.5,80.5,31.692863,25.708431,34.42241,1662.1475871,359.615200455,3318.8880915000004,0.0,1.0,1.0
377,28.5,81.5,31.84748,25.63009,34.56156,2219.175486,499.1534352000001,6233.295491999999,0.0,1.0,1.0
378,28.5,82.5,32.299403283192724,26.120701313851,35.08807381663886,1676.7278410256176,460.9839761183443,5553.610690088197,0.0,1.0,1.0
379,28.5,83.5,32.30164575315196,26.36292342341227,35.12131804368127,1630.6166918472109,465.21811252196886,5479.155386677169,0.0,1.0,1.0
380,28.5,84.5,31.9303383450162,26.218210384588826,34.774963859442565,1647.624969962791,473.0501212844345,5393.736905065703,0.0,1.0,1.0
381,28.5,85.5,31.052669034701644,25.61097723882964,33.92833664474702,1775.8234865752556,485.5998505053215,5582.3874782682105,0.0,1.0,1.0
382,28.5,86.5,29.90082391785892,24.785647764758565,32.72526197621354,2005.5415599976795,501.5252568840048,6107.8275167572765,0.0,1.0,1.0
383,28.5,87.5,28.85797540834317,24.1115961291102,31.53239595890246,2310.8449322690003,518.983428796086,6959.389193054033,0.0,1.0,1.0
384,28.5,88.5,28.26659,23.888407,30.796978,4099.2,1189.49993595,8674.199451,0.0,1.0,1.0
385,28.5,89.5,28.11742151937636,23.92022221298029,30.483891119293467,2657.608535873679,518.7416057413582,7726.733484284511,0.0,1.0,1.0
386,28.5,90.5,28.03617004995457,24.036902447773297,30.36292277999502,2567.858614314812,499.0123184083393,7063.577612296238,0.0,1.0,1.0
387,28.5,91.5,28.068964,24.253113,30.48934,1594.3875549000002,256.2000183,5488.8565245,0.0,1.0,1.0
388,28.5,92.5,28.792492,25.3805,31.375515,1784.25,338.5499817,5563.200366,0.0,1.0,1.0
389,28.5,93.5,28.237309,25.190422,30.836472,2122.8,512.4,6331.800366,0.0,1.0,1.0
390,28.5,94.5,28.678795,25.737164,31.408659,2342.4,439.2,10193.100183,0.0,1.0,1.0
391,28.5,95.5,28.527134,25.632887,31.406578,2342.4,439.2,10193.1,0.0,1.0,1.0
392,28.5,96.5,28.72602,25.744247,31.948141,2342.4,439.2,10193.0989935,0.0,1.0,1.0
393,28.5,97.5,28.85347911557395,25.873624087491297,32.024399424626765,1171.2,219.6,5105.699634,0.0,1.0,1.0
394,28.5,98.5,28.785960835956885,25.764456368863925,31.946743291431886,1612.9830162378148,380.2148277557852,4921.336900977489,0.0,1.0,1.0
395,28.5,99.5,28.71591032398682,25.6469949802051,31.864693976483125,1570.806882042371,382.002199128418,4345.735903765296,0.0,1.0,1.0
396,29.5,66.5,32.582704239931715,27.1274354919148,35.5423527772069,1209.7949471744616,381.6588529478527,3035.082104184861,0.0,1.0,1.0
397,29.5,67.5,32.94475379630907,27.22059757415657,35.912259479063195,1209.95227777281,379.52562078006207,2987.981040057303,0.0,1.0,1.0
398,29.5,68.5,33.39404826940207,27.343757334889386,36.37736990349924,1212.2463490534694,377.5376118349277,2933.3190493898,0.0,1.0,1.0
399,29.5,69.5,33.92713508359923,27.47656431753062,36.92732124882229,1202.7621561970268,374.2001566322512,2852.592174093922,0.0,1.0,1.0
400,29.5,70.5,34.43362089064031,27.564693953121647,37.40705504560214,1156.9355027718148,366.8258332111327,2730.2017198478816,0.0,1.0,1.0
401,29.5,71.5,34.63636725660791,27.46795992582552,37.5988141588199,1060.2199555912775,354.5024741544624,2444.6007939888864,1.0,0.0,0.0
405,29.5,75.5,33.422916,25.952322,36.286636,1200.7699452,280.19699679,2940.668907,0.0,1.0,1.0
406,29.5,76.5,32.96528,25.635612,35.6929,607.5355145999999,77.17917213,3067.1752515,0.0,1.0,1.0
407,29.5,77.5,31.51342,24.820438,34.090782,1817.758398,409.9105938,4703.061753,0.0,1.0,1.0
408,29.5,78.5,30.345545,24.362602,32.958893,2011.2840822,364.11691902,6162.794559,0.0,1.0,1.0
409,29.5,79.5,30.281797,24.430136,32.860962,745.1467749,283.03488576,2725.0333824,0.0,1.0,1.0
410,29.5,80.5,31.249407,25.1797,33.808372,694.0987602,259.3308189,2225.743356,0.0,1.0,1.0
411,29.5,81.5,31.2092122918318,25.07890736630069,33.80165314338507,1520.5873382854763,448.6525459481772,4140.901388209705,0.0,1.0,1.0
412,29.5,82.5,31.26017788772361,25.15265966978037,33.926370960282355,1559.4720111563984,451.7059680155026,4713.502057593943,0.0,1.0,1.0
413,29.5,83.5,31.1886873509514,25.228273785571385,33.928410239540945,1593.653914838023,457.1889940161422,4992.264897909852,0.0,1.0,1.0
414,29.5,84.5,30.849484324972924,25.104012473847018,33.64312983939094,1667.097943192525,465.7355512280855,5217.825050845518,0.0,1.0,1.0
415,29.5,85.5,30.2280513408474,24.746507377346767,33.044214729862524,1806.669305053016,477.5103496520883,5559.503755014316,0.0,1.0,1.0
416,29.5,86.5,29.455639371067868,24.28139927998318,32.24468002701814,2009.964246250128,491.3971734647752,6081.044319308175,0.0,1.0,1.0
417,29.5,87.5,28.7518856258557,23.908037135937395,31.478023516714064,2247.243054410872,504.90254137989496,6726.356120804769,0.0,1.0,1.0
418,29.5,88.5,28.293476455909417,23.757422238758867,30.904990699181525,2442.270164125168,511.7889528706783,7232.122969548413,0.0,1.0,1.0
419,29.5,89.5,28.099592424853668,23.806139664564444,30.62061075279632,2497.471049406768,504.5121359461166,7241.308884823451,0.0,1.0,1.0
420,29.5,90.5,28.080977861534592,24.007264372757696,30.62311815024288,2442.689547920736,489.2134528162231,6929.705925936978,0.0,1.0,1.0
421,29.5,91.5,28.24673647294909,24.41893825434464,30.89777325816092,2337.648197790451,471.77666535368735,6693.066548455889,0.0,1.0,1.0
422,29.5,92.5,28.544403348347377,25.02037520562369,31.332568272638188,2253.169403262021,456.0441946698506,7019.949707071131,0.0,1.0,1.0
423,29.5,93.5,28.71082229884648,25.454582019294627,31.664721609263605,2205.01588744284,441.6841508097674,8091.277840664075,0.0,1.0,1.0
424,29.5,94.5,29.141665,26.008373,32.371696,2342.3998536,439.2,10211.4,0.0,1.0,1.0
425,29.5,95.5,28.709496,25.865444,32.37073,2342.3998536,439.2,10211.399634,0.0,1.0,1.0
426,29.5,96.5,29.323051,26.333746,32.615314,2342.3998536,439.2,10211.399634,0.0,1.0,1.0
427,29.5,97.5,29.06934279986413,26.06633930719482,32.38263118991527,1859.7381176812275,396.13669517611305,7745.858266377751,0.0,1.0,1.0
428,29.5,98.5,28.909499476510604,25.87723140115816,32.20395582258886,1752.227729482006,393.5078371874161,6297.029407997163,0.0,1.0,1.0
429,29.5,99.5,28.84985805557529,25.76152491206118,32.047978740943776,1653.9481878453807,389.66351704531377,5225.377136975098,0.0,1.0,1.0
430,30.5,66.5,31.96964925026169,26.081631304415733,35.09779138847444,1134.6169184814305,358.1447391547546,2666.5887731838498,0.0,1.0,1.0
431,30.5,67.5,32.21440688647525,26.02929906066452,35.30897426828429,1126.7450865851956,354.4919360708315,2583.336308830849,0.0,1.0,1.0
432,30.5,68.5,32.509518674736455,25.98491095183015,35.610857343142875,1117.0923764197871,350.6535641926352,2466.7159889941167,0.0,1.0,1.0
439,30.5,75.5,32.093353,24.029139,34.63058,814.0789404000001,200.53546260000005,2481.3127197,0.0,1.0,1.0
440,30.5,76.5,30.179985,23.329376,32.640343,1165.9261962,571.2135648,2779.5667968,0.0,1.0,1.0
441,30.5,77.5,29.621304,22.60762,32.195847,2790.6026301,892.0470237,7055.6315205,0.0,1.0,1.0
442,30.5,78.5,28.940073,22.80984,31.354671,3256.2959610000003,1363.0474644,8648.7530265,0.0,1.0,1.0
443,30.5,79.5,29.278967,23.224123,31.733883,841.8337086,292.96530024,2973.55573635,0.0,1.0,1.0
444,30.5,80.5,30.227465,24.104467,32.681908,841.8,292.8,2973.75,0.0,1.0,1.0
445,30.5,81.5,30.22647711503187,24.068593387277115,32.774936265177885,1365.0711642755994,439.2155471281243,3333.111070203031,0.0,1.0,1.0
446,30.5,82.5,30.19335433124661,24.072932266003143,32.85268188102323,1433.698387636023,440.62756462850535,3884.647181877596,0.0,1.0,1.0
447,30.5,83.5,30.096172219154298,24.10188104700953,32.84332243408348,1514.4793770631009,445.9556083403262,4360.0054706857945,0.0,1.0,1.0
448,30.5,84.5,29.85243832539222,24.056427575057143,32.65391735529995,1621.5898982877177,454.34662065813126,4789.351567182847,0.0,1.0,1.0
449,30.5,85.5,29.452651559040497,23.90737564525708,32.28703627564206,1765.643412267285,464.9854663963102,5247.633511635283,0.0,1.0,1.0
450,30.5,86.5,28.971054532376307,23.71259561842756,31.797537478129964,1941.027538702353,476.4195833042352,5762.683907240051,0.0,1.0,1.0
451,30.5,87.5,28.52779553290483,23.57138439425057,31.3045867714666,2121.8457931756293,486.1422728346146,6282.385290012497,0.0,1.0,1.0
452,30.5,88.5,28.22367318990981,23.55824689173693,30.947069297086568,2263.276816981097,490.48952303097815,6674.891593734844,0.0,1.0,1.0
453,30.5,89.5,28.093577713029173,23.69283777122816,30.84208645598039,2327.415963330782,486.9948170845784,6837.826213974383,0.0,1.0,1.0
454,30.5,90.5,28.11419186087707,23.96287410308291,30.963958154315108,2319.872376254235,477.4658164731323,6863.103576990032,0.0,1.0,1.0
455,30.5,91.5,28.2624634637806,24.36608259366657,31.225666678100243,2275.761027740903,465.4399602728215,6991.36151185235,0.0,1.0,1.0
456,30.5,92.5,28.487950780122127,24.85410040592131,31.58211534541764,2229.7221757721413,453.3243572989527,7447.89197478716,0.0,1.0,1.0
457,30.5,93.5,28.7416878007108,25.34425294220605,31.99365252698849,2200.02409809311,442.1923449248352,8312.565657624153,0.0,1.0,1.0
458,30.5,94.5,28.943147455837384,25.74339854540148,32.44020271973113,2176.596830903624,432.0240748448312,9254.04710045285,0.0,1.0,1.0
459,30.5,95.5,28.979800393346043,25.936438377579204,32.648000135352305,2135.2034659695487,422.8970011852347,9695.505581923668,0.0,1.0,1.0
460,30.5,96.5,29.108077281423512,26.084966718029143,32.679656132047384,2064.514969026181,415.61185847276766,9431.208607760444,0.0,1.0,1.0
461,30.5,97.5,29.074942850064662,26.03988736397332,32.56212017772789,1961.624393297637,410.0065452153546,8361.12436140614,0.0,1.0,1.0
462,30.5,98.5,29.008725614302293,25.93997902026113,32.37104734620424,1841.6236379336729,404.426197920543,7054.314255049932,0.0,1.0,1.0
463,30.5,99.5,28.960292434545867,25.845276235416254,32.22788695516842,1714.469044569841,396.2332636758262,5893.488929793353,0.0,1.0,1.0
464,31.5,66.5,31.22791383030172,24.96376180057632,34.5482505552464,1058.80694045591,335.7865677738694,2304.4620580285,0.5,0.5,0.5
465,31.5,67.5,31.316936985146857,24.744012941274924,34.60983745422242,1044.8317712252972,330.8560958835969,2196.4653698490133,1.0,0.0,0.0
466,31.5,68.5,31.41039912391431,24.50174099656393,34.721547150323254,1029.671280766034,325.81380634621064,2043.8789304764664,0.0,1.0,1.0
473,31.5,75.5,29.136086,21.069586,31.66108,1301.7696948,333.68224758,3384.906531,0.0,1.0,1.0
474,31.5,76.5,28.37533,20.938013,30.808174,1448.5606926,372.97929975,4131.523839,0.0,1.0,1.0
475,31.5,77.5,28.294144,21.413034,30.698456,1315.1322999,620.1799910999999,2419.85955375,0.0,1.0,1.0
476,31.5,78.5,28.196205,21.472025,30.659523,1607.770839,815.835777,2427.9085800000003,0.0,1.0,1.0
477,31.5,79.5,27.875118,21.697554,30.249887,1101.022794,466.3067835000001,2151.3551553,0.0,1.0,1.0
478,31.5,80.5,28.63323965471421,22.37607408368348,31.101671665976,1217.0418359828018,433.6108598303086,2375.469446698326,0.0,1.0,1.0
479,31.5,81.5,28.956816225463022,22.68332148344488,31.54941204945109,1233.6459953612048,425.5972529340614,2649.5733022365466,0.0,1.0,1.0
480,31.5,82.5,29.0461158012736,22.8361715111303,31.75591912939281,1308.9316415414398,426.0292235499184,3162.5771072978414,0.0,1.0,1.0
481,31.5,83.5,29.035863248468296,22.963370376249888,31.839821596723755,1411.626663288554,431.37359866477794,3715.808335890384,0.0,1.0,1.0
482,31.5,84.5,28.92559357101112,23.05229167574856,31.79099806548108,1535.623494537682,439.6767403146087,4254.512570627014,0.0,1.0,1.0
483,31.5,85.5,28.720842311211847,23.092917928443583,31.6067627166437,1679.4279857846782,449.5216838712987,4785.594778412672,0.0,1.0,1.0
484,31.5,86.5,28.46622400992382,23.113893164729067,31.35713611993448,1834.9227627217192,459.3704349916456,5310.183403994089,0.0,1.0,1.0
485,31.5,87.5,28.230661144944303,23.16730421492818,31.13271049118405,1983.8596523762176,467.3002945216592,5796.353617499304,0.0,1.0,1.0
486,31.5,88.5,28.07370456982512,23.296450683195243,31.01206134723759,2101.9360919052483,471.29331668573616,6190.523244556384,0.0,1.0,1.0
487,31.5,89.5,28.017927324759736,23.51391503506891,31.06961093995312,2173.3491133122075,470.4478993883083,6480.907320207937,0.0,1.0,1.0
488,31.5,90.5,28.064982648114057,23.82306495766372,31.240693662713923,2199.35080700668,465.4878725028091,6725.990497175047,0.0,1.0,1.0
489,31.5,91.5,28.20374238118804,24.218472538326008,31.46744454184612,2195.855770937978,458.1404397740434,7041.8962267082925,0.0,1.0,1.0
490,31.5,92.5,28.414078930487893,24.67819928305413,31.75862984475946,2185.4049968340773,450.3180613223734,7564.528360282867,0.0,1.0,1.0
491,31.5,93.5,28.62326405347149,25.116186706416656,32.128745424857925,2177.510534382377,442.9726931063899,8273.732037716492,0.0,1.0,1.0
492,31.5,94.5,28.779590350667096,25.46005732893804,32.47206142250086,2166.119033571517,436.1840986586916,8941.021948801881,0.0,1.0,1.0
493,31.5,95.5,28.88365253986034,25.69648106818309,32.639234513002684,2140.104298043823,430.1478998123104,9313.05804378186,0.0,1.0,1.0
494,31.5,96.5,28.958903089318788,25.84526995711598,32.6521727272248,2090.009304636675,425.10688163680936,9171.551797707054,0.0,1.0,1.0
495,31.5,97.5,29.028081775658915,25.927418245566564,32.596884816784296,2000.9562435957623,419.57239644395344,8406.054976003157,0.0,1.0,1.0
496,31.5,98.5,29.025482572829727,25.91295752387333,32.47910668740037,1879.930939421988,411.6449773807787,7323.7867755383795,0.0,1.0,1.0
497,31.5,99.5,29.03849864057609,25.885677436992577,32.38841817398897,1746.7769966341664,400.74170511923984,6284.272607538142,0.0,1.0,1.0
498,32.5,66.5,30.415851401250173,23.833475517915325,33.968213912012764,986.2724609261178,315.13291550314534,1971.2157509450203,1.0,0.0,0.0
499,32.5,67.5,30.338914614288523,23.440127484243664,33.84602514956035,967.5654566721248,309.16840566184567,1839.6484892663725,1.0,0.0,0.0
500,32.5,68.5,30.2235602318394,22.99587832711991,33.75718236889863,950.9116138454189,303.3518607521533,1672.046654584516,0.0,1.0,1.0
507,32.5,75.5,25.966253,17.15363,29.924097,1273.83372,385.0362273,3050.5058730000005,0.0,1.0,1.0
508,32.5,76.5,26.841099,19.07527,30.364376,2094.3646182,677.4831654,7412.541819,0.0,1.0,1.0
509,32.5,77.5,27.11695,19.851124,29.853325,1714.2371097000002,720.7232289,5888.986024500001,0.0,1.0,1.0
510,32.5,78.5,28.430058,21.392105,30.73101,1578.851898,805.2,2342.3998536,0.0,1.0,1.0
511,32.5,79.5,27.453625,20.72681,29.905903,1207.1427371999998,548.716167,1949.130072,0.0,1.0,1.0
512,32.5,80.5,27.518435029505365,20.940303746820533,30.088547091968017,1054.0944646080684,408.1489032814417,1631.0367631503595,0.0,1.0,1.0
513,32.5,81.5,27.726550570394966,21.23622162005327,30.45879626483856,1089.6241538011234,404.0571987987751,1970.2265354885988,0.0,1.0,1.0
514,32.5,82.5,27.9094232993687,21.54294980041988,30.755343924704626,1179.0051518479193,406.855452343552,2509.5233708779647,0.0,1.0,1.0
515,32.5,83.5,28.026338620677123,21.8332248379572,30.944245877042,1295.9241792436158,413.6902580390058,3105.9369814069264,0.0,1.0,1.0
516,32.5,84.5,28.06579958923336,22.090423851860105,31.03693364864317,1428.741667405391,422.70635372647314,3699.4544405120687,0.0,1.0,1.0
517,32.5,85.5,28.03559488981178,22.312424910806666,31.060018724990684,1570.9479053451826,432.5291948219866,4271.7064352135485,0.0,1.0,1.0
518,32.5,86.5,27.96512522357313,22.517019664710624,31.038786756165177,1714.2837737108794,441.8637053327007,4812.327116204851,0.0,1.0,1.0
519,32.5,87.5,27.88985611471858,22.726845928559143,31.020612150592992,1847.6473404598405,449.4785955257816,5310.518809892332,0.0,1.0,1.0
520,32.5,88.5,27.84709067881468,22.96835039727974,31.08072643738188,1958.7751242612785,454.337478823663,5755.275573808934,0.0,1.0,1.0
521,32.5,89.5,27.86245579113979,23.26040446270581,31.233292270375298,2038.5307286436368,455.8990365874826,6146.211925761451,0.0,1.0,1.0
522,32.5,90.5,27.954807870977607,23.61985642971896,31.398053272539403,2087.2573645882608,454.52172442402514,6521.685899670097,0.0,1.0,1.0
523,32.5,91.5,28.10539573740112,24.028317547774943,31.61949212735801,2116.92878629715,451.4863093926282,6980.277211364099,0.0,1.0,1.0
524,32.5,92.5,28.275544146665023,24.43923816492682,31.8909631796015,2136.1986470281345,447.740770530853,7548.853487298479,0.0,1.0,1.0
525,32.5,93.5,28.44584683580395,24.81815557342855,32.2038717044875,2148.7913111972043,443.8382187677051,8165.194229615556,0.0,1.0,1.0
526,32.5,94.5,28.59451330462755,25.147033743373484,32.44199293886047,2149.7024570026656,439.78883101931785,8669.156909815734,0.0,1.0,1.0
527,32.5,95.5,28.725753294713662,25.416904410389915,32.554840330950015,2134.8652844234543,435.99459873955294,8989.428162325366,0.0,1.0,1.0
528,32.5,96.5,28.862950065621067,25.6453839931936,32.59175484723657,2088.325453505264,431.78274617938285,8845.254226434992,0.0,1.0,1.0
529,32.5,97.5,28.950231852490543,25.77622301639913,32.602341667459456,2000.1441925355552,425.2712222405915,8197.168771521166,0.0,1.0,1.0
530,32.5,98.5,29.03800630842306,25.862783564234828,32.56432957373026,1882.464744177602,415.4474910515661,7326.384023642533,0.0,1.0,1.0
531,32.5,99.5,29.100243819105632,25.896532891401872,32.52327234426892,1757.2326867818456,403.3315238774309,6453.993523425621,0.0,1.0,1.0
535,33.5,69.5,28.670029583146725,20.87107622716849,32.56452504318834,868.5599396698864,277.5604975213416,1214.2612142161736,1.0,0.0,0.0
536,33.5,70.5,28.17859561907332,20.123893292312896,32.186654036288004,872.2840568115087,272.9965098641053,1179.019364655434,1.0,0.0,0.0
537,33.5,71.5,27.572810060117337,19.339226251682444,31.663880399843443,899.8439078983433,270.8063907538447,1335.8661932826872,1.0,0.0,0.0
538,33.5,72.5,26.80901133118845,18.489019715642605,31.022823260041,955.3458758696794,272.4373857411483,1599.617253298189,1.0,0.0,0.0
539,33.5,73.5,25.782532,17.454674,30.054298,0.0,0.0,0.0,1.0,0.0,0.0
540,33.5,74.5,25.610895,16.583961,29.67804,2104.5,356.85,6588.0,0.0,1.0,1.0
541,33.5,75.5,25.658394,16.792349,29.724691,1869.0350529,296.19733461,5225.4609645,0.0,1.0,1.0
542,33.5,76.5,24.940662,17.126423,29.076054,3536.00469,889.1822868,10078.610991,0.0,1.0,1.0
543,33.5,77.5,25.011326,17.185219,29.058773,1441.8809364,565.2612152999999,4963.3830960000005,0.0,1.0,1.0
544,33.5,78.5,25.672615,18.25676,29.205132,805.2,402.6,1171.1999268,0.0,1.0,1.0
545,33.5,79.5,26.571823,19.443033,29.221571,0.0,0.0,0.0,0.0,1.0,1.0
546,33.5,80.5,26.33104137330268,19.383499915278986,29.257862746694247,851.912817964331,370.89886908231176,889.4452481059099,0.0,1.0,1.0
547,33.5,81.5,26.546472357986545,19.78384058323802,29.58541867532203,933.8724070946366,376.23755649476834,1353.6544293018562,0.0,1.0,1.0
548,33.5,82.5,26.845671133870663,20.28375574308092,29.95398808898232,1046.9882452155096,384.2831915970911,1935.7982534362425,0.0,1.0,1.0
549,33.5,83.5,27.10255549609384,20.764450772127265,30.2721403850141,1176.9051357442968,394.0434871444407,2556.1110295860494,0.0,1.0,1.0
550,33.5,84.5,27.28824961621083,21.197881270489862,30.514246168059888,1315.2194429090473,404.6199975269646,3171.7571914320656,0.0,1.0,1.0
551,33.5,85.5,27.40354972060593,21.580574640182096,30.68135588218118,1456.6373799027776,415.2424663418317,3767.380316093399,0.0,1.0,1.0
552,33.5,86.5,27.469233897037245,21.92684438312332,30.798377978048112,1595.4934975693557,425.1485365988482,4337.256968028754,0.0,1.0,1.0
556,33.5,90.5,27.788719965996894,23.36221208156121,31.49766990155118,1994.244675313448,445.6462281844007,6351.0019766415,0.0,1.0,1.0
557,33.5,91.5,27.928374614759107,23.748837714790792,31.721106592756783,2048.4365044419683,446.18729888872,6903.169318702522,0.0,1.0,1.0
558,33.5,92.5,28.091137430774204,24.136155473860786,31.971455472930643,2089.434817541998,445.749911647369,7476.008108938603,0.0,1.0,1.0
559,33.5,93.5,28.24925654676514,24.50311945934842,32.21257852696748,2116.1189851074023,444.3934057967181,8000.475798789263,0.0,1.0,1.0
560,33.5,94.5,28.431669722883875,24.86388068108632,32.36568648979003,2126.4017352500937,442.4210708883181,8419.973386823027,0.0,1.0,1.0
561,33.5,95.5,28.60961073311282,25.18739545615812,32.4760532957308,2112.255096437035,439.9199080818271,8667.842738379997,0.0,1.0,1.0
562,33.5,96.5,28.750279172138725,25.443094414041965,32.542324938100315,2059.7472236576527,435.2147254514656,8439.632792524983,0.0,1.0,1.0
563,33.5,97.5,28.910477330997303,25.65476696198968,32.629506925827194,1973.0581293315013,427.5443542721843,7892.73691618781,0.0,1.0,1.0
564,33.5,98.5,29.05679426075985,25.80931002245097,32.63229088027966,1863.2028561456093,416.65232103289816,7181.960882593673,0.0,1.0,1.0
565,33.5,99.5,29.142799731868227,25.886727193179656,32.63322699341795,1753.5823720986791,404.41810792299225,6501.173893503992,0.0,1.0,1.0
569,34.5,69.5,27.4335480043525,19.39950201814114,31.582642513025217,799.7829214597072,259.6679957151099,922.1010802059928,1.0,0.0,0.0
570,34.5,70.5,26.785215424344766,18.49239758383321,31.107291435708024,805.5415889340627,254.86173177862224,896.0656662057838,1.0,0.0,0.0
571,34.5,71.5,26.097660936485013,17.632794552787292,30.539574849418138,839.0185561204809,252.4492435804968,1108.4336694799624,1.0,0.0,0.0
572,34.5,72.5,25.512240589565064,17.002066437623615,30.066032603014506,909.269677796778,253.99714484447847,1553.6037637774507,1.0,0.0,0.0
573,34.5,73.5,25.333557,16.71501,29.961655,907.8152736,174.247281105,1992.4850412,1.0,0.0,0.0
574,34.5,74.5,25.52158,16.72196,29.784662,1562.4283617,268.96160839500004,3849.1622505,1.0,0.0,0.0
575,34.5,75.5,25.568962,16.8087,29.685917,1358.591085,286.171914765,4473.62170575,0.0,1.0,1.0
576,34.5,76.5,24.83308,16.822248,29.035912,1362.6283212,406.44408885000007,5374.436598,0.0,1.0,1.0
577,34.5,77.5,24.892555,16.933664,29.040754,930.5095794,387.09987255,2706.24104835,0.0,1.0,1.0
578,34.5,78.5,23.948137,16.55272,27.971457,402.6,201.3,585.5999634,0.0,1.0,1.0
579,34.5,79.5,24.09093,16.561428,28.121006,0.0,0.0,0.0,0.0,1.0,1.0
580,34.5,80.5,24.84679577058151,17.542060206991593,28.51518753847456,680.215991453205,334.37957245566326,418.6334797386901,0.0,1.0,1.0
581,34.5,81.5,25.42527822405827,18.39583133242111,28.976007957551865,795.1838006960971,348.04893908573706,893.2518749272667,0.0,1.0,1.0
582,34.5,82.5,25.906382208586383,19.150533644810288,29.41803086437572,926.8055774214693,361.3970108688625,1474.555443909155,0.0,1.0,1.0
583,34.5,83.5,26.29412903817669,19.81159899168321,29.799156725484856,1066.6241258271396,374.45102311966735,2096.062929246904,0.0,1.0,1.0
584,34.5,84.5,26.593927312086368,20.3897347890926,30.103943374325542,1209.9589300618825,387.1521618999172,2724.168309873832,0.0,1.0,1.0
585,34.5,85.5,26.824118743042053,20.90456756675209,30.344249763416133,1352.6361591847249,399.21765327813023,3339.9458539885204,0.0,1.0,1.0
586,34.5,86.5,27.00350085632672,21.37299438951048,30.57352895007888,1490.0664546304,410.23123587170863,3931.934232869568,0.0,1.0,1.0
590,34.5,90.5,27.55743300684588,23.022227814105225,31.538473585670143,1921.3489814792488,438.9230843024048,6234.84587765873,0.0,1.0,1.0
591,34.5,91.5,27.72176578870432,23.42732782695653,31.77004507125987,1991.035223331428,442.100820431276,6802.143267011545,0.0,1.0,1.0
592,34.5,92.5,27.886908415758324,23.82128399234859,31.98886610657279,2044.1273405555044,443.8123954909327,7340.550229908534,0.0,1.0,1.0
593,34.5,93.5,28.10179302906591,24.240587741903425,32.15532795472529,2079.492458814884,444.3743171787578,7803.713437766231,0.0,1.0,1.0
594,34.5,94.5,28.30270098818145,24.62965142035308,32.30401729687929,2089.75541101136,443.7936094982037,8180.849628219692,0.0,1.0,1.0
595,34.5,95.5,28.47965274271174,24.970436552477224,32.41921223783174,2068.1082477307264,441.2140352863048,8271.309045137912,0.0,1.0,1.0
596,34.5,96.5,28.68364903131757,25.286252259438992,32.56248075559484,2012.047855721565,435.7140495985252,8011.567705976828,0.0,1.0,1.0
597,34.5,97.5,28.90503791403517,25.561411441946262,32.6632110753762,1929.242489754451,427.1128805980057,7537.894529192712,0.0,1.0,1.0
598,34.5,98.5,29.07354959556583,25.7579905629576,32.69319844642901,1832.421017053681,416.0700993100752,6991.348342438627,0.0,1.0,1.0
599,34.5,99.5,29.16631966640072,25.854801477389486,32.715104055208656,1740.2336882097022,404.2958682112334,6472.71054542791,0.0,1.0,1.0
603,35.5,69.5,26.37793790086307,18.12703955438947,30.749541380250307,732.8238178598729,244.6099192158992,672.0963031195522,1.0,0.0,0.0
604,35.5,70.5,25.609606083074134,17.06871173613707,30.18455860703837,732.4172669316176,239.2859153482341,628.3782837220543,1.0,0.0,0.0
605,35.5,71.5,24.80710318186905,16.03923579924381,29.56211741636394,756.042334264073,235.9975334108342,825.1539438738113,1.0,0.0,0.0
606,35.5,72.5,24.211853051813367,15.416856267758318,29.043671698773263,820.9749891138244,236.7507231520418,1401.395544965044,1.0,0.0,0.0
607,35.5,73.5,24.240334,15.94363,29.010277,1212.8153163,211.911107685,3010.44456525,1.0,0.0,0.0
608,35.5,74.5,24.643547,16.391819,29.327253,1397.5584462,290.63337516,4018.809198,1.0,0.0,0.0
609,35.5,75.5,24.680824,16.447302,29.355473,1255.4353575,355.33503267,4056.47439525,1.0,0.0,0.0
610,35.5,76.5,24.588074,16.645,28.978636,944.912448,351.4219089,3411.85566,1.0,0.0,0.0
611,35.5,77.5,24.643778,16.709852,28.9714,564.6220146,236.221707,1431.778092,0.0,1.0,1.0
612,35.5,78.5,24.123539,15.9263735,28.628353,201.3,101.2871145,295.087486275,0.0,1.0,1.0
613,35.5,79.5,23.127155,15.149814,27.62704,0.0,0.0,0.0,0.0,1.0,1.0
614,35.5,80.5,23.87474851753092,16.288708746923735,28.069905346593508,575.0191009195528,306.9887051389087,206.15882891474243,0.0,1.0,1.0
615,35.5,81.5,24.57981788194573,17.343618068757166,28.55220217548472,698.7905327640716,324.9629310723816,623.6160407109749,0.0,1.0,1.0
616,35.5,82.5,25.158565424915363,18.24534344059106,29.002237244927983,836.7208278236527,341.7571776655052,1169.972372845508,0.0,1.0,1.0
617,35.5,83.5,25.63014843357392,19.02442817904307,29.39991729154802,980.1950800820284,357.3736927255139,1772.6864203889468,0.0,1.0,1.0
618,35.5,84.5,26.012953367439955,19.706984469295417,29.748935329490507,1124.964403472369,371.952006620405,2395.545526605836,0.0,1.0,1.0
619,35.5,85.5,26.31884171727988,20.308061955979927,30.09410049519301,1267.4968784561268,385.4694859640324,3017.557946160925,0.0,1.0,1.0
620,35.5,86.5,26.56303525928068,20.84211531800354,30.42510209772241,1405.6084112909864,397.8932935126695,3640.4848963146255,0.0,1.0,1.0
624,35.5,90.5,27.315050532757816,22.674271279539475,31.530697822939043,1863.055137926085,433.6517079408324,6109.376986550043,0.0,1.0,1.0
625,35.5,91.5,27.518667736261865,23.117806844659405,31.764503517117145,1940.3350341883472,438.4459618470332,6673.166440609611,0.0,1.0,1.0
626,35.5,92.5,27.74812634320056,23.57652729441211,31.944420060072154,1999.2337844544404,441.7804003505177,7178.262145027214,0.0,1.0,1.0
627,35.5,93.5,27.9609618722427,24.01021794962797,32.11920289721581,2032.055818261428,443.55391899215135,7590.273868552445,0.0,1.0,1.0
628,35.5,94.5,28.16569231442101,24.410427135138583,32.265857384986084,2035.6952925093449,443.1502721445383,7867.549592635999,0.0,1.0,1.0
629,35.5,95.5,28.405073251562445,24.81297660654677,32.44748025966046,2006.785556781874,439.8469389281074,7821.80131765757,0.0,1.0,1.0
630,35.5,96.5,28.6749707195946,25.189719196292625,32.60057618793244,1951.1304558983445,433.7179614161618,7562.385881109487,0.0,1.0,1.0
631,35.5,97.5,28.90890145145105,25.48519872505909,32.69444074272482,1877.0166496930235,424.8632746433402,7197.161179121975,0.0,1.0,1.0
632,35.5,98.5,29.07632360701783,25.69886687503121,32.74705874119154,1796.1937061143187,414.28171052304015,6791.096800910495,0.0,1.0,1.0
633,35.5,99.5,29.1832933843444,25.81036012915855,32.780297432513905,1720.9321621436568,403.2994006212203,6380.554629055463,0.0,1.0,1.0
634,36.5,66.5,27.32579058132171,19.90055462142605,31.67747052497796,778.007452705013,257.36113464006326,1115.529647321084,1.0,0.0,0.0
635,36.5,67.5,26.83034507808212,19.06719805666384,31.233999078806068,734.3776575890568,248.2865532562936,898.5602580631845,1.0,0.0,0.0
636,36.5,68.5,26.22349610496865,18.127840910044608,30.70578053098589,700.0287868647961,240.22371226251028,668.866812482784,1.0,0.0,0.0
637,36.5,69.5,25.51383127222209,17.085915986827633,30.10920091342728,677.1868462012147,233.3032626256885,489.8025514508098,1.0,0.0,0.0
638,36.5,70.5,24.6914227842722,15.938467048459051,29.456201712624907,666.0221122849313,227.5729046756638,408.2159559584933,1.0,0.0,0.0
639,36.5,71.5,23.77308319524755,14.68966599803072,28.77840057475675,668.0378100746831,223.2640571852636,483.37554260920695,1.0,0.0,0.0
640,36.5,72.5,22.768688,13.324504,27.970858,0.0,0.0,0.0,1.0,0.0,0.0
641,36.5,73.5,22.753084,13.310315,27.963898,1061.1051504,246.397399125,2559.40541685,1.0,0.0,0.0
642,36.5,74.5,22.752491,13.319744,27.969595,911.123511,218.759070165,2085.3267514500003,1.0,0.0,0.0
643,36.5,75.5,23.398495,15.168186,28.08256,0.0,0.0,0.0,0.0,1.0,1.0
644,36.5,76.5,23.76173424006912,15.648988534297992,28.346824580202394,708.4866529467207,260.5116435301912,1460.8717703337993,0.0,1.0,1.0
645,36.5,77.5,23.83957880009129,15.724565239696895,28.380203619203527,598.706663998042,264.9140223564127,914.2571070080966,0.0,1.0,1.0
646,36.5,78.5,23.585079448630555,15.430050206447104,28.16325495606068,100.65,66.19097556,155.54999268,0.0,1.0,1.0
647,36.5,79.5,23.30083891588708,15.295220066641251,27.840214688759925,472.11367690283714,275.02495430455065,50.29090975201596,0.0,1.0,1.0
648,36.5,80.5,23.56345712169322,15.86401595934605,27.94103703105291,540.5034461759271,291.1143770869087,175.8347700773547,0.0,1.0,1.0
649,36.5,81.5,24.097110310068807,16.738547953557553,28.300818806510563,653.2838031971007,309.4190431165149,538.4879946607481,0.0,1.0,1.0
650,36.5,82.5,24.632302817488664,17.604185498535617,28.71067296359734,784.8617751334264,327.35310443184807,1035.642541251713,0.0,1.0,1.0
651,36.5,83.5,25.10444683518116,18.392622870856908,29.12256648504161,924.1588542201794,344.2911800727369,1602.764714815679,0.0,1.0,1.0
652,36.5,84.5,25.505638992969192,19.099780538165888,29.53601455563244,1066.5726029432117,360.1985589413948,2212.4508415820865,0.0,1.0,1.0
653,36.5,85.5,25.84584259408676,19.7375097292624,29.9230083904954,1209.205510806373,375.0577556966968,2850.2278397368864,0.0,1.0,1.0
654,36.5,86.5,26.141324746885008,20.32390278332044,30.2891341558069,1349.2385530753322,388.8158343788161,3502.857995848193,0.0,1.0,1.0
655,36.5,87.5,26.404863230578364,20.870739875880385,30.62778981892703,1482.931638128441,401.2811794118576,4150.158555726893,0.0,1.0,1.0
656,36.5,88.5,26.6441609814932,21.38486382034941,30.94625815766248,1606.5713010579032,412.2113834941918,4782.994564020127,0.0,1.0,1.0
657,36.5,89.5,26.87613539958618,21.881083333344336,31.234216320830267,1717.997677516481,421.4689259499049,5405.493220058335,0.0,1.0,1.0
661,36.5,93.5,27.82639562974179,23.8033276051274,32.111147296562166,1971.091476730177,441.207215941826,7329.314896500517,0.0,1.0,1.0
662,36.5,94.5,28.096935703507373,24.269941230479244,32.30951230396735,1966.324308188291,440.2580659518586,7450.495983419913,0.0,1.0,1.0
663,36.5,95.5,28.39457290566192,24.72311020846232,32.49875001029267,1935.7470187523245,436.5502202206854,7362.825529363103,0.0,1.0,1.0
664,36.5,96.5,28.680214098379512,25.11249021700772,32.630439623096,1884.4633007579564,430.05645261739386,7149.34747477053,0.0,1.0,1.0
665,36.5,97.5,28.90570506771072,25.415208062984643,32.73482385946389,1822.4225375431763,421.48375557338,6879.587626736876,0.0,1.0,1.0
666,36.5,98.5,29.065389920931505,25.628782785977123,32.79715186020678,1759.4114054182382,411.8443813058063,6587.605234186097,0.0,1.0,1.0
667,36.5,99.5,29.20237878102964,25.776337618478312,32.83635620702276,1698.2870479604787,401.8093823292698,6243.0785999937325,0.0,1.0,1.0
668,37.5,66.5,26.6890042587269,19.171416015313,31.24382433215002,753.2387297817758,250.20400649183463,976.441336241026,1.0,0.0,0.0
669,37.5,67.5,26.144460986281057,18.29375421339947,30.782452389946485,706.9849661264524,241.01789977546107,781.0787551864954,1.0,0.0,0.0
670,37.5,68.5,25.544572996848792,17.354603142097663,30.243263012680845,668.112805429034,232.8544181244023,569.6226833281179,1.0,0.0,0.0
671,37.5,69.5,24.843417149707367,16.312138707183898,29.642594202871123,637.745234552428,225.9524425277771,358.93893921954634,1.0,0.0,0.0
672,37.5,70.5,24.05935862825939,15.197176240054228,29.010108816061024,619.2477461552414,220.5346292040429,252.4769054909125,1.0,0.0,0.0
673,37.5,71.5,23.232685518402263,14.04906717640423,28.38596779738012,613.3291298512838,216.9033643545025,274.7071139252732,1.0,0.0,0.0
674,37.5,72.5,22.55781154660857,13.119750225410709,27.892907661190684,630.9374096048068,216.5846257507744,564.2835011481483,1.0,0.0,0.0
675,37.5,73.5,22.29996805834481,12.808557383103512,27.658017468458564,669.9229618106066,221.1024042866852,1004.001183243592,1.0,0.0,0.0
676,37.5,74.5,22.37195272491116,13.11900049737015,27.59782521366243,676.2566783542137,227.8556812947816,1072.2117874034732,1.0,0.0,0.0
677,37.5,75.5,22.72009655123015,14.017776937176066,27.65108606593728,640.0121567573226,235.4782045467142,837.5313033061957,0.0,1.0,1.0
678,37.5,76.5,23.054618876450867,14.684863155674403,27.80003109371858,592.6755426643412,243.92594738311388,687.9475182258589,0.0,1.0,1.0
679,37.5,77.5,23.210373494830986,14.968376318343626,27.88275973156353,531.7291058408053,250.60641367617808,452.04688664731646,0.0,1.0,1.0
680,37.5,78.5,23.20025801006895,15.050885744720429,27.837719679348936,482.5142378622714,257.14302234041685,188.9468545997402,0.0,1.0,1.0
681,37.5,79.5,23.19928351291094,15.21668894807998,27.77655833267645,488.0260552388619,268.145944357726,106.5821274276226,0.0,1.0,1.0
682,37.5,80.5,23.4040066327177,15.678084830445217,27.891011452328435,548.4227083845177,283.3594567572407,247.3041541152793,0.0,1.0,1.0
683,37.5,81.5,23.79065467993348,16.368034335021495,28.18053751511765,646.3588046509946,300.64523917335254,568.3232508276623,0.0,1.0,1.0
684,37.5,82.5,24.241252313520896,17.133632542123085,28.55748247007017,766.9549361435473,318.3937041210054,1023.2788645926718,0.0,1.0,1.0
685,37.5,83.5,24.68552578723225,17.89065190330728,28.969944983873745,899.9322649726979,335.7458003313432,1567.5536278632271,0.0,1.0,1.0
686,37.5,84.5,25.096640564209856,18.607702957506127,29.391708157712976,1038.7236105509778,352.3174234461344,2166.7408532916947,0.0,1.0,1.0
687,37.5,85.5,25.46703245136289,19.2752923532755,29.80739573252785,1178.2806285315366,367.8616474766496,2790.9954579042105,0.0,1.0,1.0
688,37.5,86.5,25.80626841611093,19.902035988740128,30.20626822254076,1315.090978670827,382.2021586848349,3429.942739679976,0.0,1.0,1.0
689,37.5,87.5,26.10641813418984,20.485355274165883,30.57704298276385,1445.8597331191866,395.1740093064971,4075.8146268838855,0.0,1.0,1.0
690,37.5,88.5,26.395431589320072,21.051359211757344,30.90507340807637,1567.1760575929382,406.6887832692301,4711.270499018409,0.0,1.0,1.0
691,37.5,89.5,26.676767257638105,21.60742592602859,31.21021832203467,1676.9183506372813,416.752246584525,5322.026599006336,0.0,1.0,1.0
695,37.5,93.5,27.767955770191115,23.68526129574547,32.16864436521355,1897.760014200424,437.1764831204502,6965.076423786778,0.0,1.0,1.0
696,37.5,94.5,28.08876798953704,24.20063778114714,32.371340524645404,1889.0434374206925,435.7777547846683,7010.720611902048,0.0,1.0,1.0
697,37.5,95.5,28.40961970638508,24.66622531440852,32.54571103006865,1859.190355327729,431.6453847204456,6921.563247858612,0.0,1.0,1.0
698,37.5,96.5,28.674417670332584,25.03988242515332,32.675040532721354,1818.027727084729,425.4598712873182,6781.351668773334,0.0,1.0,1.0
699,37.5,97.5,28.89177919005211,25.34520951797932,32.77593485256836,1771.0781611964117,417.6560443373848,6594.025293057964,0.0,1.0,1.0
700,37.5,98.5,29.071409423380008,25.577304259077703,32.83583239297237,1723.1766351985511,409.0704272663219,6367.018261518761,0.0,1.0,1.0
701,37.5,99.5,29.210974137790952,25.738555444450675,32.90406562235441,1674.3661983147497,400.1470413420933,6078.600113908151,0.0,1.0,1.0
